transaction_id,amount,hour_of_day,is_online,distance_from_home_km,transactions_last_24h,is_fraud
T0001,224.0,11,0,0.9,0,0
T0002,5897.0,15,0,10.5,1,0
T0003,353.0,16,0,2.5,3,0
T0004,3521.0,12,0,6.4,5,0
T0005,962.0,12,1,17.0,3,0
T0006,563.0,10,1,9.3,0,0
T0007,1568.0,13,0,0.6,3,0
T0008,1036.0,22,1,10.2,4,0
T0009,2787.0,7,0,7.1,3,0
T0010,1061.0,13,0,5.7,0,0
T0011,2048.0,10,1,25.0,3,0
T0012,3037.0,8,0,0.0,2,0
T0013,1119.0,14,0,0.2,1,0
T0014,3769.0,10,1,15.6,2,0
T0015,697.0,13,0,8.4,3,0
T0016,457.0,13,0,8.4,1,0
T0017,2147.0,11,0,6.8,3,0
T0018,2900.0,12,0,34.2,5,0
T0019,930.0,11,1,28.0,2,0
T0020,1297.0,11,1,0.1,2,0
T0021,7024.0,8,0,1060.5,3,1
T0022,796.0,21,0,16.7,0,0
T0023,2460.0,17,0,7.9,1,0
T0024,1554.0,20,0,7.5,3,0
T0025,891.0,23,1,9.3,2,0
T0026,140.0,20,0,2.0,3,0
T0027,974.0,6,1,6.5,2,0
T0028,2128.0,13,0,15.4,1,0
T0029,2401.0,8,0,3.2,2,0
T0030,312.0,14,1,6.3,3,0
T0031,4793.0,17,1,1.9,1,0
T0032,683.0,13,1,2.0,2,0
T0033,2993.0,11,0,17.1,1,0
T0034,594.0,22,1,6.0,1,0
T0035,873.0,18,1,15.7,0,0
T0036,3582.0,19,0,7.9,3,0
T0037,1991.0,20,1,6.6,2,0
T0038,740.0,11,0,11.8,2,0
T0039,3610.0,20,0,6.8,3,0
T0040,554.0,8,0,18.7,4,0
T0041,1353.0,15,1,1.3,2,0
T0042,1451.0,18,1,21.3,2,0
T0043,2519.0,15,0,20.4,2,0
T0044,4070.0,21,1,12.4,2,0
T0045,1325.0,10,1,7.6,3,0
T0046,304.0,19,0,16.4,1,0
T0047,284.0,10,0,9.7,1,0
T0048,1126.0,12,1,9.8,1,0
T0049,1841.0,18,1,39.0,4,0
T0050,418.0,13,0,10.9,5,0
T0051,2959.0,19,0,3.4,5,0
T0052,724.0,14,1,2.4,1,0
T0053,1953.0,12,0,10.7,1,0
T0054,1331.0,11,0,9.2,3,0
T0055,825.0,9,1,16.5,0,0
T0056,1613.0,10,0,5.5,2,0
T0057,1378.0,11,1,4.1,3,0
T0058,357.0,9,0,13.4,2,0
T0059,221.0,23,0,17.6,1,0
T0060,6775.0,17,1,0.2,0,0
T0061,1647.0,11,0,2.2,2,0
T0062,1774.0,22,1,2.8,3,0
T0063,1442.0,14,1,6.6,2,0
T0064,177.0,7,0,12.4,2,0
T0065,11795.0,0,1,718.2,5,1
T0066,492.0,19,1,1.9,1,0
T0067,1442.0,15,0,5.1,2,0
T0068,482.0,8,0,11.2,5,0
T0069,2590.0,6,0,7.3,3,0
T0070,248.0,17,1,1.9,2,0
T0071,2393.0,22,0,19.9,1,0
T0072,438.0,18,1,0.8,2,0
T0073,2636.0,11,1,0.9,1,0
T0074,1046.0,18,0,13.2,4,0
T0075,3048.0,17,0,25.2,0,0
T0076,649.0,17,1,4.4,1,0
T0077,448.0,11,0,3.0,6,0
T0078,1022.0,6,1,13.2,7,0
T0079,1752.0,13,0,7.7,2,0
T0080,19193.0,21,1,385.8,4,1
T0081,504.0,18,0,6.5,2,0
T0082,1924.0,8,0,4.5,1,0
T0083,1062.0,19,1,6.3,2,0
T0084,2507.0,19,0,10.4,2,0
T0085,399.0,6,0,3.9,1,0
T0086,2071.0,11,0,12.3,2,0
T0087,669.0,5,1,8.6,0,0
T0088,3176.0,11,0,3.4,0,0
T0089,1040.0,14,0,3.3,1,0
T0090,2340.0,13,1,4.6,3,0
T0091,1344.0,22,1,33.6,2,0
T0092,1711.0,1,0,1.7,0,0
T0093,2425.0,12,0,9.1,5,0
T0094,802.0,2,0,3.3,1,0
T0095,593.0,9,0,15.0,2,0
T0096,1505.0,4,1,3.3,3,0
T0097,1046.0,18,0,8.0,1,0
T0098,951.0,3,0,7.1,0,0
T0099,1094.0,14,0,2.4,2,0
T0100,3522.0,19,0,10.0,2,0
T0101,1958.0,7,0,5.2,2,0
T0102,24628.0,1,1,1319.2,9,1
T0103,946.0,8,0,0.8,5,0
T0104,2158.0,15,0,6.4,0,0
T0105,165.0,20,0,5.3,3,0
T0106,933.0,7,0,12.0,1,0
T0107,242.0,6,1,41.8,4,0
T0108,2736.0,15,0,10.9,2,0
T0109,1143.0,20,1,2.8,2,0
T0110,1137.0,9,0,7.1,1,0
T0111,672.0,12,0,6.7,2,0
T0112,121.0,16,1,11.0,1,0
T0113,4195.0,11,0,23.7,1,0
T0114,788.0,17,1,14.7,2,0
T0115,2638.0,19,0,42.3,2,0
T0116,2437.0,15,0,16.6,3,0
T0117,812.0,21,0,4.0,1,0
T0118,3219.0,7,0,4.8,6,0
T0119,1129.0,11,1,5.9,4,0
T0120,1415.0,11,0,22.4,1,0
T0121,2651.0,9,0,7.3,2,0
T0122,1521.0,19,1,17.2,3,0
T0123,2083.0,6,0,7.9,5,0
T0124,3065.0,11,0,7.5,1,0
T0125,47711.0,17,1,715.7,4,1
T0126,397.0,19,1,4.9,0,0
T0127,829.0,14,0,13.3,3,0
T0128,1460.0,10,0,12.8,1,0
T0129,96.0,14,0,9.3,2,0
T0130,1735.0,10,0,1.8,1,0
T0131,23452.0,23,1,1994.3,8,1
T0132,2361.0,18,1,21.2,2,0
T0133,1214.0,18,0,1.2,3,0
T0134,1072.0,18,1,3.4,1,0
T0135,1914.0,12,0,13.2,0,0
T0136,696.0,14,1,11.5,2,0
T0137,1371.0,9,1,22.6,4,0
T0138,1310.0,11,1,1.8,1,0
T0139,105.0,12,0,14.5,4,0
T0140,754.0,22,1,5.7,4,0
T0141,1751.0,11,1,2.7,4,0
T0142,2871.0,3,0,10.1,1,0
T0143,406.0,5,1,3.2,3,0
T0144,3874.0,15,1,18.4,3,0
T0145,2302.0,13,1,8.6,1,0
T0146,39823.0,21,1,1379.6,6,1
T0147,511.0,10,0,3.8,2,0
T0148,4978.0,18,1,26.3,1,0
T0149,2542.0,9,0,12.4,0,0
T0150,1509.0,16,1,32.4,2,0
T0151,197.0,9,0,3.5,2,0
T0152,34679.0,23,1,909.0,6,1
T0153,1108.0,16,1,20.2,3,0
T0154,1464.0,17,1,0.9,2,0
T0155,172.0,17,0,16.7,3,0
T0156,2091.0,19,1,1.5,1,0
T0157,1440.0,17,0,27.9,3,0
T0158,2254.0,10,1,0.3,2,0
T0159,1011.0,18,0,1.3,7,0
T0160,3851.0,11,1,10.7,0,0
T0161,1445.0,10,0,3.2,0,0
T0162,1270.0,6,0,9.8,2,0
T0163,4099.0,10,1,32.2,1,0
T0164,2089.0,14,0,7.6,4,0
T0165,32738.0,0,1,1346.4,8,1
T0166,1349.0,15,0,27.8,5,0
T0167,40353.0,9,1,770.9,8,1
T0168,876.0,7,1,1.6,3,0
T0169,1548.0,11,1,6.5,0,0
T0170,3984.0,22,0,11.3,2,0
T0171,574.0,21,1,6.7,0,0
T0172,420.0,9,0,5.3,2,0
T0173,248.0,14,0,18.3,4,0
T0174,779.0,19,0,5.1,4,0
T0175,4077.0,16,0,16.5,1,0
T0176,5494.0,10,0,22.3,2,0
T0177,2085.0,14,0,7.3,2,0
T0178,809.0,12,0,16.2,2,0
T0179,1163.0,15,0,9.3,3,0
T0180,14856.0,0,1,544.3,12,1
T0181,5281.0,10,1,16.1,0,0
T0182,5150.0,14,1,913.8,12,1
T0183,852.0,16,1,6.1,1,0
T0184,6945.0,12,1,6.6,3,0
T0185,640.0,10,1,0.3,2,0
T0186,1948.0,12,0,1.6,5,0
T0187,3017.0,19,1,11.2,3,0
T0188,3279.0,17,1,1.9,1,0
T0189,997.0,23,1,4.4,1,0
T0190,668.0,18,0,6.5,1,0
T0191,589.0,20,0,1.0,2,0
T0192,2608.0,12,0,5.7,0,0
T0193,203.0,7,0,9.3,3,0
T0194,2075.0,17,0,27.1,1,0
T0195,1077.0,5,0,3.4,1,0
T0196,1467.0,9,1,11.1,1,0
T0197,2793.0,11,0,7.7,2,0
T0198,39711.0,4,1,1564.9,3,1
T0199,2309.0,18,1,2.8,3,0
T0200,2809.0,19,0,25.1,4,0
T0201,1380.0,5,1,9.7,1,0
T0202,1210.0,15,1,22.6,1,0
T0203,2439.0,12,0,18.7,2,0
T0204,1919.0,8,1,1.2,4,0
T0205,483.0,20,1,17.5,2,0
T0206,106.0,11,1,7.8,3,0
T0207,682.0,20,0,3.5,4,0
T0208,2487.0,19,0,7.0,5,0
T0209,4701.0,21,0,40.4,2,0
T0210,1569.0,13,1,0.0,2,0
T0211,3350.0,22,0,7.5,2,0
T0212,610.0,15,0,23.9,2,0
T0213,858.0,17,0,4.2,0,0
T0214,917.0,16,1,12.6,4,0
T0215,1952.0,13,0,7.8,0,0
T0216,2031.0,22,0,3.6,0,0
T0217,3459.0,13,0,8.7,1,0
T0218,1425.0,14,1,7.0,1,0
T0219,2176.0,18,0,18.9,1,0
T0220,533.0,12,1,21.1,0,0
T0221,19402.0,11,1,991.5,6,1
T0222,1870.0,20,0,14.4,1,0
T0223,1038.0,21,1,14.1,1,0
T0224,877.0,18,1,0.3,0,0
T0225,4450.0,17,0,5.4,5,0
T0226,766.0,23,0,10.7,5,0
T0227,2966.0,19,1,23.3,1,0
T0228,840.0,18,0,21.6,5,0
T0229,3760.0,10,1,22.5,0,0
T0230,21178.0,21,1,562.4,8,1
T0231,998.0,19,1,4.1,2,0
T0232,2183.0,17,0,8.6,2,0
T0233,1187.0,22,1,11.9,1,0
T0234,4421.0,6,1,3.0,0,0
T0235,845.0,18,0,4.0,1,0
T0236,423.0,7,1,10.7,2,0
T0237,932.0,7,0,21.1,2,0
T0238,4508.0,11,0,6.2,1,0
T0239,2895.0,12,1,13.4,1,0
T0240,3522.0,21,0,8.0,2,0
T0241,1219.0,16,1,1.0,2,0
T0242,799.0,18,0,5.4,2,0
T0243,778.0,23,1,0.3,1,0
T0244,2262.0,8,1,9.1,2,0
T0245,2081.0,15,0,2.8,0,0
T0246,2347.0,20,1,12.5,0,0
T0247,1546.0,9,0,6.0,2,0
T0248,2985.0,19,1,0.9,3,0
T0249,861.0,20,0,14.0,2,0
T0250,2057.0,11,0,10.7,1,0
T0251,2350.0,18,0,2.8,1,0
T0252,2179.0,12,0,0.4,1,0
T0253,1051.0,11,1,13.8,2,0
T0254,2263.0,8,0,5.4,0,0
T0255,1048.0,12,1,7.0,3,0
T0256,773.0,17,0,11.7,3,0
T0257,3048.0,4,1,6.2,3,0
T0258,1461.0,19,0,10.3,2,0
T0259,1109.0,20,1,6.9,1,0
T0260,623.0,20,1,5.6,6,0
T0261,3436.0,21,1,2.0,2,0
T0262,1033.0,19,1,3.3,2,0
T0263,1517.0,11,0,27.4,0,0
T0264,1623.0,20,0,6.1,2,0
T0265,2104.0,21,1,12.8,2,0
T0266,585.0,13,1,6.4,0,0
T0267,1068.0,17,0,2.1,2,0
T0268,1629.0,21,1,9.8,1,0
T0269,1611.0,9,1,5.3,2,0
T0270,852.0,19,0,4.5,2,0
T0271,951.0,14,1,11.0,1,0
T0272,2027.0,7,1,24.9,3,0
T0273,5967.0,20,0,15.2,2,0
T0274,3077.0,19,0,6.5,5,0
T0275,935.0,14,1,52.8,2,0
T0276,850.0,16,1,12.8,1,0
T0277,3112.0,17,1,9.5,4,0
T0278,1480.0,23,0,0.6,4,0
T0279,1530.0,14,0,6.0,2,0
T0280,3839.0,15,1,14.1,3,0
T0281,507.0,10,1,15.5,0,0
T0282,582.0,18,0,7.6,0,0
T0283,2433.0,17,0,14.1,2,0
T0284,702.0,16,1,8.1,3,0
T0285,2504.0,19,1,4.0,5,0
T0286,921.0,12,0,0.7,2,0
T0287,335.0,13,0,21.9,0,0
T0288,781.0,18,0,27.2,0,0
T0289,1245.0,13,1,19.7,0,0
T0290,1186.0,18,0,2.0,0,0
T0291,511.0,21,0,4.0,1,0
T0292,4568.0,7,1,1.3,1,0
T0293,1370.0,22,0,3.0,2,0
T0294,605.0,19,0,12.0,4,0
T0295,4450.0,20,0,22.7,1,0
T0296,2073.0,12,0,0.7,3,0
T0297,378.0,11,0,9.7,0,0
T0298,1847.0,19,0,17.1,2,0
T0299,1194.0,17,1,19.0,4,0
T0300,3213.0,8,0,27.5,3,0
T0301,5109.0,9,1,6.6,3,0
T0302,1797.0,23,0,3.1,0,0
T0303,1477.0,0,0,4.2,3,0
T0304,252.0,16,1,4.9,2,0
T0305,604.0,10,1,12.0,2,0
T0306,808.0,13,1,5.1,4,0
T0307,636.0,16,0,12.4,3,0
T0308,1478.0,13,0,5.6,3,0
T0309,789.0,8,0,9.9,4,0
T0310,1828.0,5,0,17.7,0,0
T0311,2357.0,7,0,12.3,0,0
T0312,913.0,8,1,8.9,0,0
T0313,2497.0,12,1,2.9,1,0
T0314,1123.0,17,0,4.2,3,0
T0315,490.0,21,1,3.0,0,0
T0316,602.0,13,1,6.3,1,0
T0317,1783.0,10,1,6.6,2,0
T0318,746.0,16,1,5.2,2,0
T0319,1299.0,22,0,8.3,1,0
T0320,5535.0,22,0,19.8,2,0
T0321,1120.0,20,0,1.8,2,0
T0322,1288.0,21,0,15.3,2,0
T0323,920.0,15,0,8.3,1,0
T0324,2065.0,16,0,10.7,1,0
T0325,2710.0,18,0,13.2,4,0
T0326,3706.0,16,0,39.3,5,0
T0327,2834.0,11,0,6.6,3,0
T0328,160.0,21,1,7.3,2,0
T0329,2839.0,11,0,5.2,4,0
T0330,775.0,15,0,17.2,4,0
T0331,2029.0,18,0,7.3,2,0
T0332,124.0,6,1,7.6,1,0
T0333,1846.0,11,1,29.4,4,0
T0334,4267.0,9,0,20.4,3,0
T0335,831.0,10,1,8.0,2,0
T0336,938.0,19,0,5.9,0,0
T0337,3807.0,18,0,11.0,2,0
T0338,1198.0,7,0,4.9,1,0
T0339,5483.0,13,1,36.7,2,0
T0340,3563.0,9,1,2.4,0,0
T0341,1217.0,18,1,0.4,2,0
T0342,1071.0,15,0,29.3,1,0
T0343,346.0,14,1,6.1,3,0
T0344,593.0,7,0,1.2,2,0
T0345,1246.0,8,0,2.3,2,0
T0346,1760.0,23,0,0.8,2,0
T0347,1449.0,7,0,3.6,1,0
T0348,3547.0,18,0,6.2,3,0
T0349,444.0,13,0,3.3,3,0
T0350,2539.0,21,0,19.4,1,0
T0351,1227.0,23,0,12.8,1,0
T0352,641.0,9,0,2.3,1,0
T0353,954.0,14,0,18.2,1,0
T0354,3354.0,8,0,11.1,1,0
T0355,311.0,18,1,5.0,0,0
T0356,187.0,20,1,16.4,2,0
T0357,438.0,12,0,8.9,2,0
T0358,2675.0,17,0,5.3,0,0
T0359,717.0,7,1,3.9,4,0
T0360,1601.0,12,0,1.1,0,0
T0361,3712.0,7,1,9.3,5,0
T0362,3549.0,20,0,3.3,3,0
T0363,1280.0,4,0,6.0,4,0
T0364,1264.0,17,0,16.7,2,0
T0365,3482.0,20,1,10.0,1,0
T0366,2011.0,15,1,24.0,2,0
T0367,1508.0,14,0,19.4,5,0
T0368,324.0,12,0,3.2,3,0
T0369,225.0,6,0,4.7,2,0
T0370,752.0,12,0,10.0,1,0
T0371,3336.0,8,0,2.4,1,0
T0372,1005.0,15,0,6.9,3,0
T0373,1418.0,9,0,0.6,1,0
T0374,1663.0,16,0,0.8,2,0
T0375,1863.0,19,0,7.4,1,0
T0376,1283.0,15,0,10.5,1,0
T0377,1993.0,22,0,0.4,1,0
T0378,682.0,14,1,17.2,2,0
T0379,1147.0,12,0,10.1,4,0
T0380,1132.0,19,1,1.9,3,0
T0381,847.0,22,0,2.1,0,0
T0382,3593.0,8,0,21.6,2,0
T0383,1822.0,17,0,12.7,1,0
T0384,2737.0,10,1,12.5,4,0
T0385,1438.0,16,1,3.2,5,0
T0386,1277.0,11,1,16.9,3,0
T0387,2066.0,18,0,37.4,3,0
T0388,8018.0,8,1,8.9,2,0
T0389,258.0,18,0,0.3,6,0
T0390,26884.0,0,1,787.9,9,1
T0391,2865.0,18,1,11.5,0,0
T0392,1306.0,17,1,13.9,1,0
T0393,2119.0,20,0,10.5,1,0
T0394,2732.0,19,0,6.2,1,0
T0395,13716.0,3,1,725.4,7,1
T0396,2300.0,7,1,10.7,4,0
T0397,4319.0,20,1,4.3,4,0
T0398,649.0,19,0,0.3,1,0
T0399,523.0,3,1,5.7,1,0
T0400,436.0,12,0,23.6,1,0
T0401,986.0,14,1,1.5,2,0
T0402,528.0,17,1,7.9,3,0
T0403,312.0,9,0,4.3,5,0
T0404,1024.0,16,1,5.1,2,0
T0405,1356.0,22,0,30.8,3,0
T0406,3539.0,14,0,14.6,1,0
T0407,2842.0,6,0,4.2,1,0
T0408,1784.0,16,1,37.4,3,0
T0409,2633.0,14,1,2.9,0,0
T0410,1284.0,21,0,6.5,4,0
T0411,1885.0,12,1,14.6,2,0
T0412,796.0,14,0,3.8,3,0
T0413,1475.0,13,1,6.3,3,0
T0414,577.0,18,1,1.4,4,0
T0415,1850.0,12,0,9.2,5,0
T0416,7061.0,18,1,26.3,2,0
T0417,732.0,23,0,13.0,3,0
T0418,355.0,13,0,9.1,3,0
T0419,1283.0,9,1,17.7,1,0
T0420,37165.0,1,1,2556.8,11,1
T0421,3815.0,20,0,1.9,3,0
T0422,1024.0,21,0,8.4,5,0
T0423,1092.0,21,0,3.7,2,0
T0424,2871.0,15,1,0.1,3,0
T0425,380.0,13,0,2.2,1,0
T0426,52428.0,8,1,446.0,4,1
T0427,964.0,8,0,3.5,2,0
T0428,80.0,10,1,2.4,2,0
T0429,372.0,20,0,11.1,3,0
T0430,1608.0,8,1,13.7,1,0
T0431,205.0,11,0,3.6,0,0
T0432,1430.0,23,1,9.4,3,0
T0433,3454.0,3,0,4.4,2,0
T0434,1638.0,6,0,3.0,3,0
T0435,45172.0,23,1,959.1,11,1
T0436,2910.0,18,1,6.9,1,0
T0437,2454.0,19,0,2.8,4,0
T0438,552.0,18,0,8.7,3,0
T0439,4155.0,16,0,3.3,0,0
T0440,1931.0,22,0,2.3,3,0
T0441,1152.0,13,1,15.6,1,0
T0442,284.0,13,1,6.8,3,0
T0443,18247.0,5,0,638.2,6,1
T0444,1971.0,12,0,4.7,1,0
T0445,1521.0,10,0,0.3,1,0
T0446,796.0,13,0,19.5,5,0
T0447,2190.0,10,1,3.0,2,0
T0448,600.0,8,1,4.7,1,0
T0449,1886.0,16,1,14.1,3,0
T0450,387.0,11,0,1.7,0,0
T0451,1785.0,19,0,5.2,2,0
T0452,3221.0,19,0,1.8,1,0
T0453,1001.0,6,1,11.7,2,0
T0454,745.0,5,1,10.5,5,0
T0455,4560.0,23,1,14.9,1,0
T0456,522.0,12,0,0.2,2,0
T0457,2144.0,18,1,1.4,6,0
T0458,1106.0,10,1,0.4,2,0
T0459,794.0,18,1,5.3,2,0
T0460,4201.0,19,1,12.7,2,0
T0461,2469.0,21,0,1.4,2,0
T0462,2905.0,8,0,8.1,4,0
T0463,5943.0,11,0,3.6,0,0
T0464,1760.0,21,0,6.5,0,0
T0465,2933.0,7,0,0.3,2,0
T0466,3427.0,10,0,10.7,1,0
T0467,1617.0,17,1,1.4,1,0
T0468,2591.0,18,1,11.0,1,0
T0469,996.0,11,0,3.3,0,0
T0470,854.0,11,0,8.5,2,0
T0471,5442.0,20,0,13.5,3,0
T0472,3306.0,16,1,7.8,0,0
T0473,10177.0,14,1,856.8,6,1
T0474,568.0,9,1,7.9,1,0
T0475,2329.0,20,0,7.5,2,0
T0476,842.0,6,1,12.7,1,0
T0477,344.0,5,0,15.0,1,0
T0478,2082.0,19,1,0.7,4,0
T0479,3061.0,19,1,26.3,2,0
T0480,1658.0,11,0,1.9,2,0
T0481,1523.0,22,0,1.8,2,0
T0482,3191.0,11,1,6.3,1,0
T0483,657.0,21,1,17.0,2,0
T0484,1650.0,8,1,1.8,2,0
T0485,454.0,23,0,12.4,2,0
T0486,1282.0,21,0,3.5,4,0
T0487,3396.0,16,1,9.4,5,0
T0488,307.0,18,1,7.2,2,0
T0489,675.0,14,1,26.0,4,0
T0490,3667.0,18,0,4.9,2,0
T0491,1078.0,11,0,17.9,2,0
T0492,315.0,14,0,8.4,2,0
T0493,485.0,18,0,25.0,3,0
T0494,2132.0,11,1,8.3,0,0
T0495,518.0,14,0,12.9,3,0
T0496,3682.0,11,0,1.1,3,0
T0497,571.0,18,0,3.7,5,0
T0498,1027.0,14,0,9.8,3,0
T0499,1034.0,13,0,14.4,1,0
T0500,144.0,10,0,14.0,2,0
T0501,4120.0,20,1,21.5,3,0
T0502,2026.0,20,1,13.6,0,0
T0503,306.0,21,0,1.4,3,0
T0504,692.0,18,0,8.1,4,0
T0505,3562.0,22,1,2.4,3,0
T0506,380.0,9,1,1.1,2,0
T0507,1414.0,8,0,7.5,3,0
T0508,3583.0,21,1,4.1,2,0
T0509,1252.0,21,0,28.4,1,0
T0510,4097.0,19,0,4.2,0,0
T0511,2500.0,15,1,7.9,4,0
T0512,2317.0,19,1,8.6,1,0
T0513,680.0,20,1,9.9,4,0
T0514,1226.0,18,1,1.6,2,0
T0515,1387.0,10,1,5.8,1,0
T0516,1017.0,21,0,13.5,3,0
T0517,2272.0,15,0,26.2,1,0
T0518,2011.0,11,1,8.5,3,0
T0519,798.0,22,0,16.7,1,0
T0520,1644.0,19,0,23.8,2,0
T0521,1509.0,12,0,16.0,1,0
T0522,3558.0,10,0,5.5,1,0
T0523,2647.0,18,1,1.1,2,0
T0524,600.0,15,1,14.2,2,0
T0525,1324.0,11,1,1.3,1,0
T0526,1026.0,7,1,4.5,1,0
T0527,4521.0,6,1,2.3,3,0
T0528,2730.0,13,0,8.4,1,0
T0529,238.0,21,0,5.5,0,0
T0530,812.0,11,1,0.3,1,0
T0531,2208.0,17,0,25.3,1,0
T0532,1541.0,15,0,9.3,2,0
T0533,1002.0,19,0,1.7,0,0
T0534,2807.0,11,1,13.9,3,0
T0535,1420.0,7,0,3.8,4,0
T0536,2987.0,7,0,5.4,3,0
T0537,1059.0,14,1,44.9,3,0
T0538,1489.0,11,0,3.3,2,0
T0539,648.0,18,0,3.0,4,0
T0540,246.0,17,0,0.4,0,0
T0541,509.0,18,0,6.5,4,0
T0542,1315.0,19,0,6.6,1,0
T0543,1825.0,8,1,57.3,3,0
T0544,1971.0,11,0,9.9,3,0
T0545,2009.0,12,1,1.2,0,0
T0546,1305.0,10,1,4.2,1,0
T0547,170.0,14,1,9.4,0,0
T0548,21735.0,5,1,1630.8,7,1
T0549,25977.0,21,1,914.5,5,1
T0550,2435.0,7,1,7.3,2,0
T0551,4345.0,11,0,17.3,1,0
T0552,12530.0,4,1,1006.5,4,1
T0553,2450.0,3,0,0.1,0,0
T0554,1446.0,2,0,7.4,2,0
T0555,1134.0,18,1,7.9,2,0
T0556,2830.0,11,0,8.5,2,0
T0557,1061.0,11,1,20.7,2,0
T0558,1012.0,4,1,12.9,0,0
T0559,3747.0,19,1,6.0,7,0
T0560,518.0,15,0,12.2,2,0
T0561,1610.0,9,0,17.6,2,0
T0562,2401.0,8,0,5.2,2,0
T0563,6481.0,17,0,19.3,3,0
T0564,2387.0,21,0,7.4,1,0
T0565,764.0,11,0,9.5,3,0
T0566,1835.0,19,0,11.6,3,0
T0567,4219.0,15,0,12.1,2,0
T0568,3357.0,14,0,11.0,1,0
T0569,1761.0,16,0,4.2,6,0
T0570,243.0,20,1,16.1,0,0
T0571,3193.0,13,0,4.2,1,0
T0572,418.0,15,0,1.9,3,0
T0573,3056.0,10,0,3.8,0,0
T0574,1982.0,17,1,0.2,5,0
T0575,1459.0,21,1,7.0,3,0
T0576,1214.0,8,1,0.5,3,0
T0577,1767.0,19,0,6.6,2,0
T0578,4047.0,11,0,8.9,4,0
T0579,1040.0,12,0,11.6,0,0
T0580,5594.0,17,1,28.4,1,0
T0581,866.0,11,0,0.1,5,0
T0582,1380.0,16,1,3.4,1,0
T0583,640.0,22,1,20.6,2,0
T0584,2236.0,12,0,25.5,2,0
T0585,1887.0,20,1,8.1,1,0
T0586,26281.0,4,1,886.9,6,1
T0587,2216.0,12,1,2.7,5,0
T0588,1826.0,21,0,2.2,4,0
T0589,894.0,12,0,20.3,2,0
T0590,2466.0,19,0,1.4,1,0
T0591,1836.0,18,0,23.0,2,0
T0592,1127.0,19,0,6.8,3,0
T0593,2130.0,16,0,1.6,3,0
T0594,2048.0,11,0,5.7,6,0
T0595,2159.0,10,0,24.9,2,0
T0596,952.0,9,0,24.4,1,0
T0597,4195.0,18,0,18.6,1,0
T0598,7987.0,19,1,671.1,5,1
T0599,1116.0,7,0,5.4,2,0
T0600,28109.0,0,1,838.6,5,1
T0601,1360.0,16,1,8.4,2,0
T0602,319.0,9,1,2.1,1,0
T0603,1323.0,11,0,17.4,2,0
T0604,2374.0,9,0,3.0,4,0
T0605,1997.0,11,0,3.4,3,0
T0606,1002.0,13,0,3.3,3,0
T0607,1161.0,6,1,2.8,0,0
T0608,969.0,18,1,20.2,1,0
T0609,1323.0,15,0,2.8,4,0
T0610,1012.0,11,1,13.2,4,0
T0611,995.0,0,0,21.4,2,0
T0612,163.0,19,0,6.3,2,0
T0613,427.0,8,1,12.2,0,0
T0614,6553.0,15,0,1.7,1,0
T0615,348.0,10,0,1.1,7,0
T0616,1041.0,13,0,7.0,2,0
T0617,1295.0,17,0,8.5,2,0
T0618,1075.0,9,1,6.2,1,0
T0619,1309.0,12,1,5.9,3,0
T0620,3936.0,22,0,2.8,2,0
T0621,996.0,11,0,13.6,2,0
T0622,4845.0,13,1,2.4,4,0
T0623,1375.0,17,1,5.8,1,0
T0624,4825.0,2,1,0.8,4,0
T0625,2136.0,12,1,2.1,1,0
T0626,1605.0,18,0,4.8,0,0
T0627,988.0,23,1,0.9,2,0
T0628,1885.0,20,1,0.8,1,0
T0629,3149.0,16,0,9.6,2,0
T0630,1993.0,20,0,2.8,0,0
T0631,1630.0,6,0,5.7,1,0
T0632,1515.0,19,0,14.4,1,0
T0633,1297.0,11,0,20.7,2,0
T0634,19270.0,7,0,125.4,5,1
T0635,2359.0,8,1,29.0,2,0
T0636,2552.0,6,0,19.0,2,0
T0637,274.0,13,0,5.3,1,0
T0638,469.0,13,0,4.3,0,0
T0639,1517.0,19,0,14.1,5,0
T0640,1503.0,19,0,9.6,1,0
T0641,2091.0,15,0,0.9,1,0
T0642,2887.0,9,1,2.5,4,0
T0643,425.0,19,0,7.4,3,0
T0644,2275.0,16,0,15.9,3,0
T0645,1650.0,6,0,7.5,0,0
T0646,4667.0,8,0,24.4,0,0
T0647,574.0,19,0,15.0,7,0
T0648,1722.0,14,0,6.9,2,0
T0649,781.0,13,0,2.0,1,0
T0650,5672.0,10,0,5.3,3,0
T0651,1585.0,13,0,18.9,1,0
T0652,330.0,18,1,3.4,4,0
T0653,2651.0,17,0,6.0,3,0
T0654,568.0,5,0,9.7,1,0
T0655,136.0,12,0,11.2,1,0
T0656,2619.0,13,0,1.4,1,0
T0657,572.0,6,0,8.7,2,0
T0658,27545.0,12,1,996.6,10,1
T0659,1791.0,6,0,2.7,2,0
T0660,3326.0,22,0,7.2,2,0
T0661,3402.0,13,0,14.1,3,0
T0662,1131.0,11,1,16.7,3,0
T0663,1922.0,8,0,6.9,2,0
T0664,2509.0,21,0,4.6,1,0
T0665,4749.0,12,0,1.4,4,0
T0666,2508.0,16,0,5.9,1,0
T0667,3407.0,11,1,21.5,4,0
T0668,5714.0,19,0,5.2,2,0
T0669,845.0,19,1,0.5,2,0
T0670,1722.0,19,0,8.9,0,0
T0671,1397.0,14,0,23.7,2,0
T0672,2206.0,9,0,0.1,3,0
T0673,19786.0,10,1,941.1,10,1
T0674,2101.0,17,0,28.4,3,0
T0675,781.0,16,0,19.8,4,0
T0676,3102.0,17,1,4.3,0,0
T0677,3667.0,8,0,11.3,3,0
T0678,1281.0,17,1,9.3,1,0
T0679,377.0,16,0,4.5,2,0
T0680,2117.0,5,0,1.8,4,0
T0681,1103.0,7,1,3.0,3,0
T0682,4355.0,17,0,0.8,2,0
T0683,2241.0,16,0,1.1,2,0
T0684,560.0,15,0,1.5,4,0
T0685,125.0,20,1,14.5,7,0
T0686,2015.0,17,1,10.4,3,0
T0687,2146.0,22,0,28.9,2,0
T0688,5699.0,13,0,8.5,2,0
T0689,3201.0,18,1,5.6,3,0
T0690,1177.0,10,0,9.3,4,0
T0691,1461.0,20,1,23.5,4,0
T0692,1915.0,5,1,15.4,3,0
T0693,745.0,7,1,3.5,0,0
T0694,2063.0,11,0,0.5,4,0
T0695,658.0,19,1,26.7,1,0
T0696,1709.0,17,0,1.3,4,0
T0697,427.0,13,0,7.2,1,0
T0698,1826.0,9,0,5.0,1,0
T0699,870.0,8,1,25.6,3,0
T0700,1125.0,15,0,15.1,1,0
T0701,687.0,20,0,8.9,1,0
T0702,338.0,21,1,0.4,4,0
T0703,2263.0,7,1,6.2,1,0
T0704,3104.0,23,1,8.9,3,0
T0705,21677.0,11,0,1318.9,4,1
T0706,880.0,2,1,2.4,2,0
T0707,1377.0,7,1,8.0,0,0
T0708,279.0,18,0,16.6,1,0
T0709,524.0,6,1,8.9,3,0
T0710,1353.0,8,0,2.5,0,0
T0711,384.0,16,1,0.7,4,0
T0712,1429.0,12,0,0.2,1,0
T0713,2941.0,18,0,4.5,1,0
T0714,1168.0,20,0,12.5,1,0
T0715,1655.0,14,0,2.9,0,0
T0716,3957.0,20,0,2.2,4,0
T0717,1018.0,20,1,5.6,2,0
T0718,2272.0,21,1,3.0,4,0
T0719,813.0,11,1,1.6,5,0
T0720,16612.0,19,1,1304.8,10,1
T0721,1682.0,8,0,1.3,5,0
T0722,4009.0,3,0,29.6,2,0
T0723,2108.0,11,0,9.4,2,0
T0724,743.0,18,0,1.9,4,0
T0725,763.0,11,0,4.7,3,0
T0726,1050.0,20,0,0.7,2,0
T0727,1136.0,18,0,5.5,2,0
T0728,2933.0,16,1,1.4,5,0
T0729,1135.0,17,1,6.6,2,0
T0730,1327.0,18,1,8.9,2,0
T0731,4715.0,13,1,2.6,1,0
T0732,2320.0,22,1,13.2,3,0
T0733,2563.0,20,0,2.5,3,0
T0734,732.0,20,1,23.6,1,0
T0735,3391.0,11,1,10.0,1,0
T0736,3747.0,12,0,14.3,1,0
T0737,7019.0,19,1,15.3,1,0
T0738,951.0,13,0,7.8,1,0
T0739,532.0,9,0,3.4,4,0
T0740,2303.0,17,1,19.5,4,0
T0741,2687.0,13,1,7.1,5,0
T0742,1004.0,23,0,9.8,5,0
T0743,1711.0,16,1,3.6,3,0
T0744,1189.0,15,0,24.1,3,0
T0745,558.0,20,1,16.8,2,0
T0746,1357.0,17,0,10.2,3,0
T0747,2103.0,15,0,10.1,2,0
T0748,964.0,17,1,3.7,2,0
T0749,343.0,14,1,7.2,2,0
T0750,2000.0,20,0,1.9,0,0
T0751,2555.0,10,1,6.7,4,0
T0752,633.0,20,1,11.1,3,0
T0753,1839.0,18,0,0.2,2,0
T0754,2430.0,14,0,7.9,3,0
T0755,3666.0,21,0,0.4,4,0
T0756,2047.0,19,0,2.7,0,0
T0757,1241.0,14,0,10.2,1,0
T0758,3358.0,12,1,13.8,1,0
T0759,2597.0,8,0,0.2,0,0
T0760,4052.0,14,1,20.6,3,0
T0761,994.0,19,0,5.2,1,0
T0762,1535.0,10,0,10.8,4,0
T0763,3195.0,9,0,9.8,2,0
T0764,1169.0,13,0,1.7,3,0
T0765,1431.0,10,0,5.2,1,0
T0766,590.0,5,0,7.5,1,0
T0767,19943.0,2,1,1963.9,5,1
T0768,881.0,17,1,2.3,0,0
T0769,691.0,9,0,14.5,3,0
T0770,1016.0,14,0,18.5,3,0
T0771,974.0,13,1,2.9,3,0
T0772,4226.0,23,0,7.5,5,0
T0773,3902.0,17,0,7.0,2,0
T0774,1921.0,21,0,4.8,3,0
T0775,942.0,6,0,4.5,4,0
T0776,461.0,14,0,3.2,3,0
T0777,3065.0,20,1,9.3,3,0
T0778,1198.0,20,0,3.4,2,0
T0779,494.0,18,0,1.9,0,0
T0780,1186.0,8,0,5.8,4,0
T0781,1352.0,20,0,5.8,2,0
T0782,1320.0,19,0,1.2,0,0
T0783,970.0,9,0,7.6,2,0
T0784,1852.0,10,1,2.1,0,0
T0785,716.0,11,0,5.9,3,0
T0786,1585.0,21,0,13.5,2,0
T0787,1005.0,13,0,0.6,2,0
T0788,3036.0,17,0,4.1,0,0
T0789,1414.0,9,0,19.2,4,0
T0790,1017.0,19,0,9.5,0,0
T0791,1151.0,14,0,3.7,1,0
T0792,1789.0,16,0,3.3,0,0
T0793,3003.0,14,1,3.1,1,0
T0794,314.0,14,1,6.3,2,0
T0795,4748.0,6,0,8.8,3,0
T0796,4934.0,8,1,1.0,4,0
T0797,110.0,10,0,5.6,4,0
T0798,702.0,21,1,7.9,2,0
T0799,652.0,11,0,6.6,3,0
T0800,361.0,12,1,16.8,1,0
T0801,2804.0,6,1,0.6,1,0
T0802,742.0,10,1,17.2,2,0
T0803,2404.0,10,1,18.8,0,0
T0804,1116.0,11,1,2.1,1,0
T0805,1029.0,8,1,24.4,1,0
T0806,1734.0,8,0,2.0,2,0
T0807,2793.0,9,0,11.8,5,0
T0808,996.0,13,0,1.1,5,0
T0809,1843.0,13,0,5.9,1,0
T0810,2061.0,6,0,24.4,0,0
T0811,416.0,20,0,3.0,1,0
T0812,1521.0,22,1,1.6,2,0
T0813,1695.0,15,1,20.4,1,0
T0814,3390.0,20,0,31.1,0,0
T0815,1367.0,14,0,3.6,5,0
T0816,854.0,13,0,13.4,1,0
T0817,1820.0,13,1,9.8,0,0
T0818,913.0,6,1,31.0,5,0
T0819,44171.0,3,1,1096.2,4,1
T0820,904.0,15,0,2.0,2,0
T0821,3557.0,9,0,16.8,4,0
T0822,241.0,18,1,2.1,2,0
T0823,378.0,8,0,1.1,3,0
T0824,310.0,19,0,15.7,5,0
T0825,920.0,9,0,1.9,3,0
T0826,1166.0,7,1,67.7,0,0
T0827,491.0,12,0,3.0,2,0
T0828,1582.0,14,0,0.8,2,0
T0829,1227.0,10,0,7.2,1,0
T0830,45272.0,0,1,1398.6,8,1
T0831,1763.0,18,1,5.7,1,0
T0832,2225.0,20,1,16.2,1,0
T0833,1925.0,14,1,14.1,1,0
T0834,1781.0,20,0,1.9,2,0
T0835,1021.0,14,0,9.1,1,0
T0836,2529.0,17,1,0.9,3,0
T0837,1449.0,11,0,3.7,0,0
T0838,925.0,18,1,1.3,2,0
T0839,1940.0,10,0,7.8,0,0
T0840,137.0,12,0,19.8,4,0
T0841,991.0,14,0,13.7,1,0
T0842,347.0,18,1,7.6,3,0
T0843,1821.0,8,0,10.6,1,0
T0844,856.0,20,0,1.2,0,0
T0845,634.0,22,0,3.8,2,0
T0846,1197.0,10,1,3.0,0,0
T0847,22541.0,23,1,1010.8,7,1
T0848,3722.0,11,1,3.8,0,0
T0849,2092.0,12,1,6.0,3,0
T0850,2309.0,0,0,20.4,3,0
T0851,4500.0,14,1,23.4,0,0
T0852,2383.0,20,1,0.9,1,0
T0853,351.0,15,0,6.7,2,0
T0854,303.0,6,1,11.5,2,0
T0855,3220.0,13,0,6.5,3,0
T0856,1153.0,7,1,30.4,1,0
T0857,993.0,19,0,21.3,3,0
T0858,1199.0,11,0,13.1,4,0
T0859,238.0,10,0,4.5,3,0
T0860,472.0,20,1,25.2,1,0
T0861,1463.0,12,0,3.1,2,0
T0862,3630.0,23,1,4.9,4,0
T0863,1970.0,12,0,19.7,1,0
T0864,3786.0,6,1,0.6,2,0
T0865,3520.0,10,1,15.1,2,0
T0866,1002.0,18,0,6.2,0,0
T0867,3480.0,17,1,25.1,3,0
T0868,2455.0,14,0,6.5,1,0
T0869,701.0,2,1,1.7,1,0
T0870,628.0,20,0,12.5,1,0
T0871,584.0,10,0,15.0,1,0
T0872,3244.0,18,0,4.7,3,0
T0873,4057.0,20,1,0.7,2,0
T0874,278.0,19,0,3.5,2,0
T0875,579.0,7,1,7.2,5,0
T0876,1459.0,16,0,2.3,4,0
T0877,2846.0,14,1,2.9,3,0
T0878,1228.0,20,0,6.3,1,0
T0879,195.0,8,0,7.8,1,0
T0880,1811.0,9,1,21.0,3,0
T0881,954.0,11,1,14.6,1,0
T0882,1840.0,13,0,2.9,0,0
T0883,316.0,19,0,3.8,2,0
T0884,1842.0,7,0,1.5,2,0
T0885,1452.0,16,0,4.5,1,0
T0886,3411.0,19,1,6.6,1,0
T0887,1994.0,17,0,0.4,1,0
T0888,2657.0,10,0,0.2,1,0
T0889,1712.0,22,1,8.2,2,0
T0890,2188.0,19,0,27.7,3,0
T0891,395.0,12,1,26.2,1,0
T0892,2453.0,18,0,9.8,3,0
T0893,138.0,10,0,4.2,1,0
T0894,252.0,16,0,7.5,0,0
T0895,847.0,9,1,6.0,5,0
T0896,1714.0,17,1,8.1,2,0
T0897,4636.0,1,1,1.0,1,0
T0898,1228.0,12,0,1.6,2,0
T0899,2109.0,14,0,21.4,1,0
T0900,1351.0,19,0,3.5,1,0
T0901,3706.0,10,1,1.9,5,0
T0902,6425.0,13,1,1.2,0,0
T0903,968.0,6,1,8.4,0,0
T0904,840.0,15,0,8.6,0,0
T0905,58.0,6,0,10.8,2,0
T0906,208.0,20,0,1.8,2,0
T0907,1446.0,8,0,12.4,2,0
T0908,525.0,18,1,6.6,0,0
T0909,2328.0,8,0,2.6,1,0
T0910,1092.0,16,1,6.5,3,0
T0911,1948.0,8,0,9.1,1,0
T0912,2193.0,8,0,7.1,1,0
T0913,2091.0,9,1,7.4,2,0
T0914,4054.0,19,0,14.2,2,0
T0915,3495.0,20,0,1.5,2,0
T0916,698.0,16,0,27.4,3,0
T0917,654.0,8,0,17.7,0,0
T0918,689.0,19,1,0.5,2,0
T0919,3032.0,12,1,6.4,1,0
T0920,3498.0,11,0,2.0,3,0
T0921,2141.0,13,0,5.2,3,0
T0922,2644.0,8,0,5.6,6,0
T0923,1418.0,5,0,1.0,1,0
T0924,129.0,15,0,21.1,1,0
T0925,835.0,10,1,14.3,2,0
T0926,4230.0,20,0,4.3,1,0
T0927,15786.0,1,1,497.2,6,1
T0928,677.0,17,1,1.7,0,0
T0929,474.0,18,1,4.2,2,0
T0930,1206.0,20,0,23.9,1,0
T0931,1318.0,16,1,28.5,5,0
T0932,765.0,13,0,0.1,4,0
T0933,1177.0,12,1,8.1,1,0
T0934,784.0,17,0,53.1,3,0
T0935,3456.0,21,1,1.6,2,0
T0936,2853.0,10,1,9.2,1,0
T0937,812.0,20,1,16.5,0,0
T0938,3448.0,10,1,40.4,3,0
T0939,403.0,19,0,5.3,1,0
T0940,4867.0,11,1,15.4,5,0
T0941,1835.0,15,0,3.9,2,0
T0942,718.0,9,0,4.8,2,0
T0943,241.0,11,1,2.3,2,0
T0944,1204.0,10,0,20.5,2,0
T0945,1210.0,22,1,13.2,4,0
T0946,4511.0,17,0,1.3,0,0
T0947,3166.0,18,1,4.4,1,0
T0948,803.0,12,0,6.2,3,0
T0949,2599.0,22,0,3.7,1,0
T0950,747.0,7,0,13.5,2,0
T0951,3052.0,18,1,14.1,1,0
T0952,379.0,9,0,10.9,2,0
T0953,19386.0,1,1,732.1,11,1
T0954,603.0,11,1,22.6,0,0
T0955,297.0,0,0,8.8,5,0
T0956,1981.0,8,0,4.2,0,0
T0957,1797.0,14,1,3.0,1,0
T0958,1075.0,16,1,3.1,2,0
T0959,1129.0,20,1,10.2,3,0
T0960,944.0,5,1,2.5,0,0
T0961,3898.0,9,1,6.2,4,0
T0962,616.0,13,1,3.7,3,0
T0963,66.0,15,0,3.1,3,0
T0964,3612.0,13,1,16.8,3,0
T0965,983.0,15,1,21.8,2,0
T0966,302.0,7,1,15.6,4,0
T0967,1810.0,18,0,9.5,1,0
T0968,3118.0,18,1,13.4,2,0
T0969,3036.0,15,0,11.5,3,0
T0970,107.0,18,0,3.6,2,0
T0971,466.0,8,1,1.2,2,0
T0972,1877.0,9,1,2.4,3,0
T0973,1315.0,7,0,14.6,2,0
T0974,2195.0,13,1,4.7,3,0
T0975,1029.0,19,0,8.9,4,0
T0976,1410.0,14,0,18.4,4,0
T0977,1910.0,13,0,6.5,1,0
T0978,1988.0,3,0,7.0,5,0
T0979,6013.0,21,1,33.2,1,0
T0980,816.0,18,0,2.6,2,0
T0981,754.0,19,1,1.0,1,0
T0982,1292.0,4,1,0.9,5,0
T0983,740.0,20,0,7.7,0,0
T0984,2989.0,20,0,5.0,1,0
T0985,27069.0,2,0,1184.7,8,1
T0986,2389.0,17,0,1.6,4,0
T0987,537.0,19,1,16.5,3,0
T0988,3372.0,17,0,1.6,1,0
T0989,1047.0,16,1,35.6,1,0
T0990,2157.0,2,1,29.4,2,0
T0991,3778.0,16,1,4.7,0,0
T0992,1384.0,6,1,22.4,3,0
T0993,2844.0,12,0,8.8,1,0
T0994,3869.0,8,0,5.4,0,0
T0995,1631.0,15,0,6.6,2,0
T0996,926.0,15,1,15.5,2,0
T0997,1316.0,15,0,9.0,0,0
T0998,1603.0,12,0,4.7,1,0
T0999,1069.0,7,1,10.4,3,0
T1000,22752.0,1,1,504.2,3,1
T1001,2414.0,7,0,3.6,2,0
T1002,2540.0,9,0,6.5,2,0
T1003,1479.0,11,1,22.1,0,0
T1004,1490.0,21,1,2.8,2,0
T1005,831.0,13,0,17.1,2,0
T1006,1108.0,14,1,7.1,3,0
T1007,43.0,11,0,5.7,3,0
T1008,3552.0,19,1,0.9,3,0
T1009,907.0,9,1,1.0,3,0
T1010,4003.0,13,0,11.6,3,0
T1011,1299.0,14,0,9.6,1,0
T1012,661.0,8,0,13.9,4,0
T1013,215.0,18,0,12.9,4,0
T1014,270.0,14,0,5.8,2,0
T1015,658.0,8,1,7.6,2,0
T1016,2453.0,17,0,7.3,0,0
T1017,1368.0,20,0,13.2,0,0
T1018,1948.0,22,0,3.2,0,0
T1019,6096.0,10,0,8.0,4,0
T1020,3245.0,9,0,15.9,1,0
T1021,1115.0,17,1,19.2,1,0
T1022,1934.0,12,0,12.6,5,0
T1023,846.0,13,1,16.4,2,0
T1024,2997.0,19,1,1.8,1,0
T1025,852.0,16,0,6.8,2,0
T1026,1711.0,12,1,1.8,1,0
T1027,745.0,19,1,0.6,4,0
T1028,378.0,16,0,0.6,2,0
T1029,1855.0,11,0,3.4,0,0
T1030,2076.0,14,1,0.6,1,0
T1031,3067.0,9,1,23.8,1,0
T1032,781.0,18,1,4.8,4,0
T1033,985.0,11,1,8.7,2,0
T1034,2912.0,15,1,7.6,4,0
T1035,1108.0,14,0,15.8,2,0
T1036,2439.0,19,0,5.8,1,0
T1037,17531.0,15,1,460.6,2,1
T1038,2494.0,12,1,6.0,2,0
T1039,163.0,17,0,2.7,3,0
T1040,1643.0,10,1,6.2,2,0
T1041,3255.0,12,1,1.6,1,0
T1042,2300.0,21,0,5.0,4,0
T1043,2629.0,13,1,39.0,1,0
T1044,885.0,19,0,3.1,0,0
T1045,2185.0,10,0,1.2,0,0
T1046,3461.0,5,0,6.5,1,0
T1047,1927.0,7,1,2.8,1,0
T1048,3375.0,20,1,3.9,0,0
T1049,785.0,11,0,8.3,0,0
T1050,2529.0,17,1,6.7,0,0
T1051,3530.0,18,0,1.8,0,0
T1052,2334.0,19,0,1.9,2,0
T1053,4833.0,10,1,3.1,1,0
T1054,512.0,18,0,4.5,2,0
T1055,3166.0,18,1,8.8,2,0
T1056,1441.0,14,0,1.8,3,0
T1057,2363.0,16,1,4.8,2,0
T1058,2322.0,8,0,2.9,5,0
T1059,1927.0,15,1,11.8,2,0
T1060,2683.0,14,0,1.4,0,0
T1061,689.0,11,0,6.3,2,0
T1062,707.0,11,0,3.4,2,0
T1063,989.0,15,1,9.4,2,0
T1064,6170.0,13,1,14.3,3,0
T1065,879.0,19,0,3.1,4,0
T1066,2507.0,18,0,0.6,1,0
T1067,3420.0,15,1,4.4,3,0
T1068,614.0,6,1,19.4,2,0
T1069,1719.0,20,0,1.1,6,0
T1070,2530.0,12,1,3.6,4,0
T1071,2025.0,12,0,7.3,2,0
T1072,2193.0,20,1,10.1,0,0
T1073,6293.0,1,1,1351.3,8,1
T1074,2536.0,14,0,6.1,0,0
T1075,20675.0,11,1,300.3,5,1
T1076,2146.0,11,1,13.1,2,0
T1077,2752.0,10,1,5.2,2,0
T1078,1265.0,19,0,6.1,2,0
T1079,1833.0,10,1,5.5,1,0
T1080,3359.0,12,1,7.2,2,0
T1081,881.0,12,0,29.1,2,0
T1082,970.0,18,0,9.8,0,0
T1083,1722.0,15,0,0.5,0,0
T1084,3901.0,18,0,18.6,3,0
T1085,1881.0,23,0,11.1,5,0
T1086,787.0,20,0,12.2,3,0
T1087,4236.0,17,0,2.3,0,0
T1088,871.0,15,0,6.9,1,0
T1089,197.0,19,0,8.8,4,0
T1090,842.0,12,0,18.7,5,0
T1091,700.0,11,0,1.7,3,0
T1092,594.0,12,1,16.4,2,0
T1093,1221.0,16,1,8.4,3,0
T1094,5059.0,8,0,6.7,1,0
T1095,946.0,17,0,11.7,4,0
T1096,991.0,19,0,2.5,1,0
T1097,598.0,18,1,3.3,1,0
T1098,568.0,12,0,11.7,2,0
T1099,1211.0,10,1,12.0,0,0
T1100,781.0,14,0,7.4,1,0
T1101,2417.0,8,1,9.4,1,0
T1102,360.0,10,1,16.6,2,0
T1103,1728.0,14,0,2.4,5,0
T1104,2385.0,9,0,17.3,3,0
T1105,2652.0,14,0,0.8,0,0
T1106,773.0,6,1,4.9,1,0
T1107,4417.0,14,0,0.0,5,0
T1108,1659.0,15,0,16.7,2,0
T1109,1158.0,19,0,1.9,1,0
T1110,706.0,8,0,11.8,2,0
T1111,1930.0,11,0,5.8,0,0
T1112,1251.0,10,1,2.4,1,0
T1113,3985.0,14,1,13.9,0,0
T1114,516.0,10,0,23.5,2,0
T1115,506.0,3,1,20.9,1,0
T1116,2873.0,13,0,3.6,1,0
T1117,391.0,10,0,6.4,0,0
T1118,2402.0,19,0,6.2,1,0
T1119,3482.0,8,0,13.9,4,0
T1120,1057.0,21,0,6.6,1,0
T1121,636.0,13,1,9.4,3,0
T1122,1472.0,19,0,18.0,1,0
T1123,11468.0,22,1,589.8,6,1
T1124,1813.0,10,0,6.9,0,0
T1125,2642.0,8,0,35.0,0,0
T1126,2053.0,8,1,2.4,0,0
T1127,74.0,23,0,4.0,1,0
T1128,675.0,10,0,7.5,2,0
T1129,1901.0,15,1,4.8,3,0
T1130,277.0,22,1,11.8,2,0
T1131,1226.0,10,0,23.3,2,0
T1132,2322.0,12,1,16.4,2,0
T1133,1966.0,8,0,6.1,2,0
T1134,2607.0,19,1,11.6,3,0
T1135,1352.0,11,0,54.5,4,0
T1136,1072.0,8,0,2.1,0,0
T1137,849.0,19,0,36.7,3,0
T1138,1299.0,18,1,10.7,1,0
T1139,1323.0,21,0,0.4,4,0
T1140,1864.0,21,0,19.2,1,0
T1141,2565.0,16,0,4.9,2,0
T1142,761.0,21,1,12.4,2,0
T1143,2238.0,18,1,7.4,3,0
T1144,801.0,22,1,4.0,2,0
T1145,3003.0,9,0,2.5,2,0
T1146,2555.0,15,1,9.1,3,0
T1147,2579.0,18,1,10.6,1,0
T1148,2177.0,11,1,10.3,5,0
T1149,365.0,8,1,3.3,2,0
T1150,386.0,9,0,5.4,1,0
T1151,3094.0,13,0,10.1,0,0
T1152,3014.0,7,1,4.2,1,0
T1153,27612.0,1,1,1459.1,5,1
T1154,2460.0,9,1,29.8,2,0
T1155,3248.0,10,1,14.4,2,0
T1156,18681.0,16,1,597.0,5,1
T1157,1827.0,19,0,6.0,1,0
T1158,2407.0,11,0,19.0,2,0
T1159,177.0,16,0,21.9,2,0
T1160,6077.0,5,0,18.0,2,0
T1161,1096.0,17,0,2.6,1,0
T1162,1287.0,10,0,0.3,2,0
T1163,1370.0,20,1,4.3,4,0
T1164,969.0,10,0,6.6,1,0
T1165,2020.0,9,0,19.6,2,0
T1166,3753.0,10,1,10.5,0,0
T1167,208.0,14,0,13.1,2,0
T1168,1716.0,18,0,2.4,5,0
T1169,1002.0,6,0,11.8,1,0
T1170,3352.0,16,0,19.0,1,0
T1171,3806.0,9,0,5.4,2,0
T1172,1796.0,12,1,3.6,6,0
T1173,1165.0,19,0,2.4,2,0
T1174,139.0,6,1,15.6,2,0
T1175,1526.0,8,0,18.7,2,0
T1176,317.0,11,0,15.1,2,0
T1177,1067.0,14,0,4.4,3,0
T1178,708.0,18,0,13.7,4,0
T1179,847.0,18,0,10.4,1,0
T1180,1461.0,14,0,6.1,2,0
T1181,1510.0,12,1,8.0,2,0
T1182,1476.0,12,1,14.4,3,0
T1183,1426.0,10,0,27.4,3,0
T1184,1869.0,23,0,53.2,3,0
T1185,2329.0,7,0,5.7,2,0
T1186,1063.0,17,0,7.1,4,0
T1187,2828.0,19,1,7.7,5,0
T1188,807.0,14,0,1.9,3,0
T1189,1483.0,9,0,8.0,3,0
T1190,3312.0,10,0,4.8,3,0
T1191,561.0,9,0,9.4,5,0
T1192,4766.0,8,0,9.6,3,0
T1193,1937.0,16,1,0.3,1,0
T1194,1373.0,17,1,4.5,1,0
T1195,2125.0,19,1,0.8,1,0
T1196,799.0,10,0,2.8,1,0
T1197,743.0,15,0,9.7,3,0
T1198,1949.0,17,0,0.5,0,0
T1199,888.0,17,1,8.2,1,0
T1200,132.0,19,0,1.0,2,0
T1201,1400.0,15,0,1.7,3,0
T1202,1423.0,17,1,10.1,0,0
T1203,1804.0,14,0,9.4,0,0
T1204,1060.0,17,0,3.0,4,0
T1205,235.0,17,0,3.5,2,0
T1206,1107.0,8,0,10.9,3,0
T1207,2890.0,13,0,11.1,1,0
T1208,2483.0,11,0,10.6,1,0
T1209,1774.0,13,0,13.6,4,0
T1210,4404.0,15,0,4.7,4,0
T1211,1262.0,19,0,2.8,3,0
T1212,3843.0,14,1,14.2,2,0
T1213,1254.0,16,1,16.9,1,0
T1214,2888.0,12,1,13.1,3,0
T1215,3215.0,18,1,3.0,1,0
T1216,3289.0,16,1,9.2,2,0
T1217,4091.0,10,0,10.6,0,0
T1218,2343.0,17,1,3.6,1,0
T1219,2936.0,18,1,7.7,6,0
T1220,228.0,19,0,6.7,0,0
T1221,397.0,14,1,2.1,1,0
T1222,367.0,1,1,28.0,3,0
T1223,1345.0,16,0,17.2,3,0
T1224,2242.0,11,1,12.7,3,0
T1225,4246.0,21,0,17.0,2,0
T1226,1295.0,19,0,11.0,3,0
T1227,3441.0,9,0,0.0,4,0
T1228,683.0,19,0,25.3,5,0
T1229,1067.0,12,0,0.1,2,0
T1230,1320.0,16,1,2.5,3,0
T1231,2640.0,14,0,2.7,4,0
T1232,2596.0,23,0,15.5,2,0
T1233,3808.0,21,0,24.6,2,0
T1234,2446.0,22,0,12.6,2,0
T1235,1696.0,7,1,2.6,2,0
T1236,862.0,18,1,9.5,0,0
T1237,1092.0,10,0,5.2,3,0
T1238,2550.0,6,0,13.2,4,0
T1239,551.0,12,0,19.2,1,0
T1240,723.0,13,1,2.7,2,0
T1241,1860.0,14,0,32.0,2,0
T1242,5452.0,13,0,4.6,1,0
T1243,2173.0,12,0,16.0,0,0
T1244,11809.0,1,1,945.8,5,1
T1245,3318.0,1,0,4.2,2,0
T1246,3355.0,10,1,4.4,3,0
T1247,19458.0,4,1,656.6,7,1
T1248,687.0,14,0,5.9,2,0
T1249,1518.0,13,0,10.4,2,0
T1250,2025.0,3,0,11.4,1,0
T1251,613.0,20,1,8.1,3,0
T1252,732.0,4,0,7.0,5,0
T1253,2112.0,15,0,12.8,1,0
T1254,2933.0,8,1,28.6,2,0
T1255,2680.0,16,1,7.1,4,0
T1256,573.0,22,0,20.2,0,0
T1257,2209.0,18,1,0.8,4,0
T1258,943.0,10,0,9.6,0,0
T1259,2636.0,20,0,6.9,2,0
T1260,2651.0,16,1,33.1,1,0
T1261,698.0,9,0,3.9,4,0
T1262,1346.0,21,0,3.0,6,0
T1263,1334.0,9,0,3.3,0,0
T1264,550.0,17,0,7.6,3,0
T1265,803.0,11,1,4.1,1,0
T1266,2556.0,20,0,14.3,4,0
T1267,3099.0,11,1,23.7,5,0
T1268,1127.0,8,1,0.9,0,0
T1269,1039.0,15,0,3.3,2,0
T1270,1685.0,16,0,2.9,1,0
T1271,623.0,13,1,4.2,0,0
T1272,1130.0,17,1,0.4,2,0
T1273,1206.0,14,0,7.7,6,0
T1274,1845.0,6,0,1.5,1,0
T1275,721.0,20,0,8.4,4,0
T1276,564.0,5,1,30.8,5,0
T1277,1535.0,18,1,0.3,1,0
T1278,1509.0,16,1,3.8,1,0
T1279,1696.0,13,1,19.1,2,0
T1280,2102.0,18,0,8.0,4,0
T1281,713.0,11,1,7.9,0,0
T1282,2746.0,21,0,0.2,1,0
T1283,5085.0,17,0,5.6,2,0
T1284,835.0,8,0,5.0,2,0
T1285,1512.0,16,1,14.8,3,0
T1286,2947.0,11,0,4.5,1,0
T1287,308.0,12,1,2.7,3,0
T1288,3643.0,18,1,4.5,3,0
T1289,874.0,23,1,3.2,3,0
T1290,30860.0,20,1,515.3,6,1
T1291,1175.0,15,1,1.7,0,0
T1292,618.0,14,0,5.3,4,0
T1293,734.0,19,1,3.8,2,0
T1294,3331.0,2,0,2.3,3,0
T1295,901.0,7,1,3.3,2,0
T1296,3951.0,11,0,5.2,5,0
T1297,607.0,12,1,6.3,4,0
T1298,2674.0,17,1,12.7,0,0
T1299,3230.0,18,1,3.2,2,0
T1300,3027.0,20,1,10.3,3,0
T1301,2346.0,14,1,8.9,1,0
T1302,1987.0,17,1,52.1,3,0
T1303,2408.0,8,1,11.2,3,0
T1304,534.0,11,0,21.9,3,0
T1305,1126.0,12,1,6.3,1,0
T1306,1888.0,12,0,3.5,4,0
T1307,1690.0,14,0,9.5,2,0
T1308,348.0,3,0,0.1,2,0
T1309,3123.0,20,0,9.3,2,0
T1310,3225.0,16,0,5.5,1,0
T1311,366.0,20,1,20.0,1,0
T1312,379.0,8,0,13.3,0,0
T1313,1711.0,17,0,5.5,1,0
T1314,4143.0,19,1,15.0,1,0
T1315,427.0,18,0,8.4,1,0
T1316,1139.0,17,0,23.2,1,0
T1317,1910.0,13,1,14.9,1,0
T1318,1588.0,9,0,33.0,1,0
T1319,2698.0,8,0,10.9,0,0
T1320,4199.0,19,1,4.8,0,0
T1321,532.0,12,1,13.5,1,0
T1322,21700.0,2,1,707.5,7,1
T1323,405.0,20,1,4.8,5,0
T1324,2104.0,10,1,5.0,4,0
T1325,2617.0,9,1,5.6,0,0
T1326,2292.0,23,0,18.9,2,0
T1327,2235.0,8,1,10.5,0,0
T1328,4497.0,19,0,21.7,6,0
T1329,1243.0,19,0,4.7,3,0
T1330,2453.0,8,0,18.1,4,0
T1331,1362.0,17,0,5.3,4,0
T1332,1968.0,22,0,3.2,1,0
T1333,502.0,11,0,13.4,1,0
T1334,3248.0,8,0,19.3,4,0
T1335,1887.0,18,0,4.0,2,0
T1336,25218.0,1,1,462.1,9,1
T1337,1215.0,8,0,2.6,1,0
T1338,1317.0,18,1,11.4,2,0
T1339,2290.0,11,1,3.8,1,0
T1340,896.0,12,0,8.2,0,0
T1341,816.0,15,0,31.1,2,0
T1342,1175.0,14,0,1.8,1,0
T1343,1620.0,16,1,17.3,0,0
T1344,1471.0,7,0,2.0,1,0
T1345,833.0,21,0,3.3,2,0
T1346,814.0,19,1,9.8,3,0
T1347,2348.0,15,0,3.7,1,0
T1348,1555.0,17,0,7.3,1,0
T1349,819.0,10,1,1.7,4,0
T1350,3242.0,20,0,8.3,2,0
T1351,2233.0,20,1,2.2,5,0
T1352,310.0,8,1,15.5,0,0
T1353,737.0,19,0,3.7,0,0
T1354,720.0,7,0,2.8,0,0
T1355,911.0,20,0,2.0,2,0
T1356,1252.0,13,0,14.0,1,0
T1357,3963.0,12,1,2.3,0,0
T1358,1102.0,6,0,5.2,1,0
T1359,3409.0,13,0,4.2,3,0
T1360,741.0,21,1,9.4,1,0
T1361,1306.0,21,0,9.7,1,0
T1362,1766.0,0,0,10.1,3,0
T1363,2037.0,12,0,1.2,1,0
T1364,999.0,8,0,29.2,1,0
T1365,1654.0,5,1,20.0,2,0
T1366,1000.0,12,0,12.8,5,0
T1367,2338.0,19,0,15.7,2,0
T1368,1215.0,13,1,7.4,6,0
T1369,2818.0,16,0,14.8,4,0
T1370,27609.0,1,1,687.7,5,1
T1371,1350.0,14,1,0.1,2,0
T1372,1407.0,19,0,18.5,1,0
T1373,2380.0,8,0,9.4,0,0
T1374,962.0,21,0,1.7,0,0
T1375,1409.0,8,0,12.4,0,0
T1376,2653.0,13,1,1.6,1,0
T1377,780.0,13,0,22.5,2,0
T1378,857.0,12,0,8.8,3,0
T1379,2762.0,8,0,6.5,3,0
T1380,883.0,11,0,7.5,3,0
T1381,153.0,9,0,4.2,3,0
T1382,3284.0,1,0,4.3,0,0
T1383,795.0,12,0,14.8,1,0
T1384,3472.0,11,0,14.4,4,0
T1385,21191.0,1,1,889.6,2,1
T1386,1249.0,7,1,1.9,3,0
T1387,4281.0,0,1,3.7,1,0
T1388,1818.0,14,0,28.6,1,0
T1389,4303.0,16,0,1.9,5,0
T1390,791.0,12,0,1.6,2,0
T1391,1925.0,9,1,8.7,2,0
T1392,324.0,14,0,36.7,4,0
T1393,283.0,17,1,12.5,1,0
T1394,22790.0,20,1,771.2,3,1
T1395,560.0,17,0,9.4,2,0
T1396,1490.0,16,1,34.9,3,0
T1397,437.0,17,0,6.0,2,0
T1398,1127.0,7,0,15.7,5,0
T1399,1260.0,11,1,3.6,2,0
T1400,2141.0,21,1,3.6,2,0
T1401,2473.0,14,1,3.6,4,0
T1402,20519.0,21,1,1635.1,5,1
T1403,2379.0,8,0,31.4,4,0
T1404,589.0,9,1,10.0,3,0
T1405,216.0,17,1,12.7,1,0
T1406,1697.0,11,0,1.6,1,0
T1407,2807.0,7,1,13.4,0,0
T1408,1362.0,12,0,1.5,2,0
T1409,10234.0,21,1,529.0,7,1
T1410,1281.0,21,1,3.7,4,0
T1411,1215.0,18,0,7.8,2,0
T1412,439.0,9,1,9.8,2,0
T1413,3932.0,9,0,11.7,2,0
T1414,795.0,11,0,7.5,2,0
T1415,4010.0,10,1,5.1,5,0
T1416,587.0,8,0,2.0,2,0
T1417,2786.0,16,1,3.0,3,0
T1418,3980.0,10,0,1.1,1,0
T1419,862.0,7,1,6.5,1,0
T1420,591.0,19,1,8.5,3,0
T1421,2201.0,22,0,28.6,0,0
T1422,18895.0,13,1,500.4,10,1
T1423,3136.0,15,1,16.0,2,0
T1424,48322.0,2,1,467.8,10,1
T1425,2241.0,10,0,1.1,1,0
T1426,2302.0,6,0,3.7,1,0
T1427,3172.0,20,0,20.7,2,0
T1428,1422.0,12,0,19.8,1,0
T1429,2816.0,15,0,5.4,1,0
T1430,1582.0,11,1,2.8,4,0
T1431,3254.0,15,1,35.3,2,0
T1432,35680.0,3,1,870.3,6,1
T1433,1131.0,17,0,0.3,2,0
T1434,982.0,13,0,3.1,3,0
T1435,1769.0,11,0,12.5,6,0
T1436,1342.0,18,1,15.0,1,0
T1437,2387.0,9,0,5.8,4,0
T1438,643.0,20,0,4.4,3,0
T1439,2083.0,13,1,8.6,2,0
T1440,396.0,9,0,9.1,0,0
T1441,1338.0,10,1,9.7,1,0
T1442,563.0,20,0,31.2,4,0
T1443,55.0,20,1,5.2,1,0
T1444,1664.0,16,1,1.8,1,0
T1445,531.0,18,1,10.5,2,0
T1446,3897.0,19,0,3.4,3,0
T1447,1413.0,19,1,12.3,1,0
T1448,2283.0,16,1,2.5,0,0
T1449,612.0,22,1,4.6,4,0
T1450,2336.0,13,1,5.2,2,0
T1451,630.0,9,1,7.3,1,0
T1452,1911.0,15,1,3.1,4,0
T1453,1487.0,13,1,6.6,1,0
T1454,2579.0,12,1,6.3,3,0
T1455,381.0,9,1,13.6,1,0
T1456,1049.0,11,1,2.2,1,0
T1457,2924.0,10,1,2.9,2,0
T1458,2069.0,17,1,3.3,0,0
T1459,3861.0,17,1,2.2,1,0
T1460,178.0,10,0,10.9,4,0
T1461,2412.0,15,1,31.9,2,0
T1462,2181.0,16,1,0.9,1,0
T1463,1411.0,21,0,0.6,3,0
T1464,2048.0,20,0,18.9,1,0
T1465,2873.0,20,0,7.3,3,0
T1466,5027.0,11,0,3.5,1,0
T1467,1541.0,16,0,6.2,3,0
T1468,904.0,20,0,32.3,2,0
T1469,2917.0,18,1,1.7,2,0
T1470,1823.0,11,0,4.8,3,0
T1471,1037.0,23,0,2.2,0,0
T1472,4249.0,20,1,7.3,1,0
T1473,141.0,19,1,11.7,4,0
T1474,286.0,12,0,3.2,1,0
T1475,930.0,15,0,3.1,2,0
T1476,1383.0,15,0,4.3,3,0
T1477,466.0,18,0,14.0,0,0
T1478,1858.0,21,0,15.4,2,0
T1479,1864.0,11,1,4.6,3,0
T1480,3682.0,17,1,12.6,5,0
T1481,1795.0,12,1,1.3,3,0
T1482,1161.0,11,1,35.8,1,0
T1483,565.0,6,1,16.7,1,0
T1484,781.0,15,1,6.7,0,0
T1485,1475.0,8,0,10.8,2,0
T1486,1309.0,18,0,5.1,2,0
T1487,1304.0,4,0,2.4,0,0
T1488,353.0,10,0,3.8,3,0
T1489,1536.0,9,0,17.6,1,0
T1490,2435.0,7,0,2.2,1,0
T1491,1037.0,20,1,0.7,2,0
T1492,863.0,23,1,20.3,3,0
T1493,420.0,6,1,17.4,3,0
T1494,744.0,15,0,7.2,1,0
T1495,128.0,19,0,10.6,3,0
T1496,1183.0,18,1,14.9,0,0
T1497,521.0,19,0,14.6,2,0
T1498,2154.0,17,0,4.9,2,0
T1499,1008.0,23,1,14.1,3,0
T1500,537.0,13,1,13.7,0,0
